Agent,Time,Method,Version,Status
node-superagent/2.3.0,2017-07-25T03:01:14.239Z,GET,/,HTTP/1.1,200
node-superagent/2.3.0,2017-07-25T03:01:14.263Z,GET,/,HTTP/1.1,200
node-superagent/2.3.0,2017-07-25T03:01:14.270Z,GET,/,HTTP/1.1,200
node-superagent/2.3.0,2017-07-25T03:01:14.276Z,GET,/,HTTP/1.1,200
node-superagent/2.3.0,2017-07-25T03:01:14.279Z,GET,/,HTTP/1.1,200
node-superagent/2.3.0,2017-07-25T03:01:14.283Z,GET,/,HTTP/1.1,200
node-superagent/2.3.0,2017-07-25T03:01:14.287Z,GET,/,HTTP/1.1,200
node-superagent/2.3.0,2017-07-25T03:01:14.291Z,GET,/logs,HTTP/1.1,200
node-superagent/2.3.0,2017-07-25T03:01:14.296Z,GET,/logs,HTTP/1.1,200
node-superagent/2.3.0,2017-07-25T03:02:33.139Z,GET,/,HTTP/1.1,200
node-superagent/2.3.0,2017-07-25T03:02:33.161Z,GET,/,HTTP/1.1,200
node-superagent/2.3.0,2017-07-25T03:02:33.167Z,GET,/,HTTP/1.1,200
node-superagent/2.3.0,2017-07-25T03:02:33.173Z,GET,/,HTTP/1.1,200
node-superagent/2.3.0,2017-07-25T03:02:33.177Z,GET,/,HTTP/1.1,200
node-superagent/2.3.0,2017-07-25T03:02:33.181Z,GET,/,HTTP/1.1,200
node-superagent/2.3.0,2017-07-25T03:02:33.186Z,GET,/,HTTP/1.1,200
node-superagent/2.3.0,2017-07-25T03:02:33.192Z,GET,/logs,HTTP/1.1,200
node-superagent/2.3.0,2017-07-25T03:02:33.198Z,GET,/logs,HTTP/1.1,200